{"cameraMode":{"drawMode":0,"name":"Shaded","section":"Shading Mode"},"sceneLighting":true,"audioPlay":false,"sceneViewState":{"m_AlwaysRefresh":false,"showFog":true,"showSkybox":true,"showFlares":true,"showImageEffects":true,"showParticleSystems":true,"showVisualEffectGraphs":true,"m_FxEnabled":true},"in2DMode":false,"pivot":{"x":-45.63139343261719,"y":17.219478607177736,"z":67.24301147460938},"rotation":{"x":0.13917288184165955,"y":-0.05080162361264229,"z":0.007124471478164196,"w":0.988955020904541},"size":34.86981201171875,"orthographic":false}