{"cameraMode":{"drawMode":0,"name":"Shaded","section":"Shading Mode"},"sceneLighting":true,"audioPlay":false,"sceneViewState":{"m_AlwaysRefresh":false,"showFog":true,"showSkybox":true,"showFlares":true,"showImageEffects":true,"showParticleSystems":true,"showVisualEffectGraphs":true,"m_FxEnabled":true},"in2DMode":false,"pivot":{"x":626.5205688476563,"y":-591.6842041015625,"z":1998.2056884765625},"rotation":{"x":0.13938961923122407,"y":0.14294525980949403,"z":-0.020199164748191835,"w":0.9797040820121765},"size":1150.30615234375,"orthographic":false}