{"cameraMode":{"drawMode":0,"name":"Shaded","section":"Shading Mode"},"sceneLighting":true,"audioPlay":false,"sceneViewState":{"m_AlwaysRefresh":false,"showFog":true,"showSkybox":true,"showFlares":true,"showImageEffects":true,"showParticleSystems":true,"showVisualEffectGraphs":true,"m_FxEnabled":true},"in2DMode":false,"pivot":{"x":12.242316246032715,"y":-276.92376708984377,"z":1139.4163818359375},"rotation":{"x":0.15240493416786195,"y":0.0020749575924128296,"z":-0.00032160559203475714,"w":0.9883228540420532},"size":587.1529541015625,"orthographic":false}